Image,Question,Answer,Predicted_Answer
ff557f4ea977d3a,What color is the top of the enchiladas,golden-brown,golden brown
ff557f4ea977d3a,What type of dish is positioned on the left side of the plate,enchiladas,fried fish
ff557f4ea977d3a,What color is the filling of the enchiladas,white,white
ff557f4ea977d3a,Where are the enchiladas located on the plate,on the left side,not present
ff557f4ea977d3a,What vegetable is scattered on top of the lettuce,tomatoes,tomatoes
5c89583c7d79eac,What color is the baking dish,white,white
5c89583c7d79eac,What has happened to the vegan cheese on top of the bake,melted,melted
5c89583c7d79eac,What is the vegan cheese doing to the bake,covering,melting
5c89583c7d79eac,What color are the avocado slices,green,green
5c89583c7d79eac,Where are the sliced olives placed on the bake,across the bake,on top
ec8d556e427215f,What color is the chicken,golden-brown,white
ec8d556e427215f,What type of meat is used in the fajitas,chicken,chicken
ec8d556e427215f,What color is the shredded cheese,yellow,yellow
ec8d556e427215f,Where is the sour cream located,on a plate,next to guacamole
4540be4f1b7483a,What color is the cilantro,green,green
4540be4f1b7483a,What herb is shown at the top left of the image,cilantro,cilantro
4540be4f1b7483a,What color is the bowl filled with pico de gallo,yellow,yellow
4540be4f1b7483a,What type of meat is included in the fajita mix,chicken,chicken
4540be4f1b7483a,Where is the fajita mix arranged,on a sheet pan,on a plate
5466136e2c0ad7d,What type of meat is used in the fajitas,chicken,pork
5466136e2c0ad7d,What color are the bell peppers,green,not visible
5466136e2c0ad7d,Where is the guacamole located,atop the fajita filling,on the plate
04bc6b3e8a8aea0,What color are the Mahi Mahi pieces,golden-brown,golden-brown
04bc6b3e8a8aea0,What type of fish is used in the fajitas,Mahi Mahi,salmon
04bc6b3e8a8aea0,What color are the sliced bell peppers,red,red and yellow
04bc6b3e8a8aea0,Where are the Mahi Mahi pieces placed,throughout the center,on the plate
04bc6b3e8a8aea0,What color are the sliced onions,white,white
706203205f79559,What is the main protein in the fajitas,steak,beef
706203205f79559,What color is the sliced steak,brownish-red,brown
706203205f79559,Where are the fajitas placed,on the plate,on a plate
0fd4b82e0e33a45,What type of vegetables are mixed with the red peppers,mushrooms,carrots
0fd4b82e0e33a45,What color is the tortilla used for the fajitas,beige,not shown
a1db7c4c3f6057d,What color are the falafels,golden-brown,brown
a1db7c4c3f6057d,What type of food is shown in the image,falafels,italian dish
a1db7c4c3f6057d,What color is the lemon,yellow,not visible
a1b92188972141f,What color are the farro grains,brown,light brown
a1b92188972141f,What type of ingredient is dark brown and interspersed with the farro,mushrooms,mushrooms
a1b92188972141f,What color is the cilantro sprig,green,not visible
a1b92188972141f,Where is the cilantro sprig positioned,on top of,not visible
649f26370757a85,Is the dish suitable for vegetarians,yes,no
649f26370757a85,What is the main grain used in the skillet,farro,there is no grain
649f26370757a85,What color is the bowl used to serve the dish,orange,red
649f26370757a85,Where are the black beans located in the dish,throughout,scattered throughout
649f26370757a85,What vegetable with green skin is mixed within the farro,zucchini,zucchini
1182fb165965c24,What material are the jars made of,glass,glass
1182fb165965c24,What color is the fennel,yellow,there is no fennel
1182fb165965c24,Where is the fennel contained,contained within,on the board
1182fb165965c24,How are the jars sealed,sealed,with a lid and ribbon
1182fb165965c24,What color is the cloth on the jars,red,red and white
dc82292cc9b95bb,What are the rectangular golden-brown items on the plate,feta fingers,fried breaded sticks
dc82292cc9b95bb,What color are the feta fingers,golden,golden brown
dc82292cc9b95bb,What color is the dotted pattern on the plate,blue,blue and yellow.
c21c69d14faa792,What type of dish is shown in the image,salad,tuna salad
c21c69d14faa792,What color is the bowl holding the salad,yellow,yellow
c21c69d14faa792,What color are the chicken pieces in the salad,white,not present
c0975f297eda584,What does the fettuccine do in the frame,fills,twists around a bowl
c0975f297eda584,What type of pasta is shown,fettuccine,linguine
c0975f297eda584,What is the texture of the sauce,creamy,smooth
c0975f297eda584,What is scattered on top of the pasta,cheese,parmesan cheese
c0975f297eda584,Where are the thin strands of cheese located,on top of,on top of pasta
4a760002afb43b8,What is the color of the base of the dish,white,white
4a760002afb43b8,Where is the fettuccine located in the dish,located throughout,underneath the toppings
4a760002afb43b8,What type of meat is scattered on top of the pasta,chicken,chicken
4a760002afb43b8,What color are the slightly browned areas on the chicken,asparagus,brown
614c5dee532b78e,What color are the figs,purple,purple
614c5dee532b78e,What type of fruit is shown in the image,figs,none
614c5dee532b78e,Where is the goat cheese placed,on top of,on top of the meat
614c5dee532b78e,What is the texture of the goat cheese,creamy,crumbly
614c5dee532b78e,How is the goat cheese distributed,scattered,crumbled
a31ea68b260d0c2,What color is the interior of the cut filet,pinkish-red,pink
a31ea68b260d0c2,What type of meat is shown in the image,filet,pork
a31ea68b260d0c2,What color is the seared exterior of the filets,brown,dark brown
a31ea68b260d0c2,Where are the filets placed,on a plate,on a plate
a31ea68b260d0c2,How is the exterior of the filets described,seared,crispy
260ac1e7d31775e,What color is the plate,blue,blue
260ac1e7d31775e,What type of food is being served,fish,fish
260ac1e7d31775e,What herb is scattered on the fish,dill,dill
260ac1e7d31775e,What color is the fish generally,white,white
395a4e305e40a37,What flavor is the fish,Lemony,herb seasoned
395a4e305e40a37,What type of food is shown in the image,Fish,salmon
395a4e305e40a37,What color is the plate,Orange,orange
395a4e305e40a37,Where is the fish placed,on plate,on the plate
395a4e305e40a37,What color are the herbs on the fish,Green,green
a5b87a311528eb8,What color is the plate,yellow,white with blue flowers
a5b87a311528eb8,What type of food is in the center of the plate,fish,fried fish
a5b87a311528eb8,What color is the fish,golden-brown,no fish
a5b87a311528eb8,Where is the fish located,on a plate,on the plate
a5b87a311528eb8,What color are the scallions on the fish,green,green
ce3a724e27e8f9f,What color is the fish,white,white
ce3a724e27e8f9f,What is the main ingredient in the dish,fish,rice
ce3a724e27e8f9f,What color is the sauce on top of the fish,brown,brown sauce
ce3a724e27e8f9f,Where is the ginger placed,on top of,on the fish
ce3a724e27e8f9f,What color are the scallions on top of the fish,green,green
27bc4f71b275ae7,What is in the clear glass,drink,coffee
27bc4f71b275ae7,What color is the foam on the drink,white,white
27bc4f71b275ae7,What color are the patterns on top of the foam,reddish-orange,brown
27bc4f71b275ae7,Where are the reddish-orange patterns located,on top of,on the foam
c3720ab16e601cc,What is the texture of the flan's top surface,shiny,crispy
c3720ab16e601cc,What type of dessert is shown in the image,flan,flan
c3720ab16e601cc,What color is the plate,white,white
c3720ab16e601cc,What color is the surface on top of the flan,caramel-colored,caramel
8988bdd592b7b2b,What type of meat is scattered on the flatbread,chicken,pork
8988bdd592b7b2b,How is the teriyaki sauce applied over the toppings,drizzled,drizzled
8988bdd592b7b2b,What is the color of the onions on the flatbread,purple,purple
a04609d90ed6c41,What color is the pineapple in the dish,yellow,yellow
a04609d90ed6c41,How is the pineapple prepared in the dish,diced,chopped
a04609d90ed6c41,What fruit is used in the dish,pineapple,pineapple
a04609d90ed6c41,What is the texture of the overall mixture,moist,crunchy
a04609d90ed6c41,How are the bread and pineapple pieces distributed in the dish,throughout the dish,mixed together
df836fe70475d5d,What type of container is the Cranberry Fluff served in,glass,a bowl
df836fe70475d5d,How full is the bowl with the Cranberry Fluff,filling,full
df836fe70475d5d,What fruit pieces are visible in the Cranberry Fluff,cranberries,cranberries
df836fe70475d5d,What fruit halves are prominently visible on the right side of the mound,grapes,grapes
df836fe70475d5d,Where is the Cranberry Fluff mounded to,to the brim,on the plate
93caec07215ba61,What color is the interior of the focaccia,yellow,light yellow
93caec07215ba61,What type of bread is shown in the image,focaccia,focaccia
93caec07215ba61,What color is the basil on top of the focaccia,green,green
93caec07215ba61,What material is the surface the focaccia is resting on,wooden,wood
82927363da2288b,What color is the fondue in the bowl,yellow,yellow
82927363da2288b,What is the fondue contained in,bowl,cheese
82927363da2288b,What is the state of the bread's crust,toasted,toasted
82927363da2288b,What color is the crust of the bread,golden-brown,golden brown
82927363da2288b,Where is the fondue dripping from,down from,the bread
2d2938a660f6b1d,What color are the pretzel rings,brown,unanswerable
2d2938a660f6b1d,What type of food item is drizzled with white chocolate,pretzel,caramel corn
82c11793c3b8518,What color is the dessert,brown,there is no dessert
82c11793c3b8518,What type of food is shown in the image,dessert,pork and veggies
82c11793c3b8518,What shape are the desserts,rectangular,square
f189044f1aaf168,What color are the slivered almonds on the candies,brown,light brown
f189044f1aaf168,What type of nuts are scattered on the candies,almonds,almonds
f189044f1aaf168,How are the almonds positioned on the candies,scattered,chopped
ff63f9d9e982d84,What color is the baking dish,white,white
ff63f9d9e982d84,What type of dish is the Frito Pie Casserole in,casserole,baking dish
ff63f9d9e982d84,How are the chopped green onions arranged on top of the chips,scattered,sprinkled
ff63f9d9e982d84,What color is the mixture underneath the chips,reddish-brown,red
ff63f9d9e982d84,Where is the layer of Frito chips located,on top,under the toppings
c1995791b9f2571,What color is the pan,black,black
c1995791b9f2571,What color is the base of the frittata,yellow,light yellow
c1995791b9f2571,How are the green herbs distributed in the frittata,scattered,scattered throughout
c1995791b9f2571,What are the bright red slices arranged in the center,tomatoes,tomato slices
c1995791b9f2571,Where are the slices of tomatoes located,in a black pan,on top of the pizza
76f8eb55a8ddb4a,What color is the frittata primarily,yellow,yellow
76f8eb55a8ddb4a,What vegetable is visible in the frittata,broccoli,broccoli
76f8eb55a8ddb4a,What is the overall tone of the frittata's color,light,yellow
76f8eb55a8ddb4a,What type of cheese is visible in the frittata,cheddar,cheddar
3fd383827ec0643,What color are the crab fritters,brown,golden brown
3fd383827ec0643,How are the crab fritters arranged on the plate,clustered,in a pile
3fd383827ec0643,What is the food served on,plate,a plate
3fd383827ec0643,What color are the lemon wedges,yellow,not visible
3fd383827ec0643,Where are the lemon wedges located,on the left,on the side
8fb828778ec290d,What color is the larger fritter,golden-brown,golden
8fb828778ec290d,What type of food is on the plate,fritter,potato pancakes
8fb828778ec290d,How does the texture of the fritter appear around the edges,crispy,crispy
8fb828778ec290d,What color is the plate,white,white
90566bb352454ee,What is the flavor of the frosting on the stack,chocolate,chocolate
90566bb352454ee,What is the arrangement of the chocolate-frosted items,stack,stacked
90566bb352454ee,What color is the chocolate frosting,brown,brown
90566bb352454ee,Where is the stack of chocolate-frosted items placed,on a plate,on a plate
a238a1570e7fe42,What is the shape of the frosting,swirled,swirled
a238a1570e7fe42,What color is the frosting,pink,pink
a238a1570e7fe42,What is the dessert in the image,cupcake,cupcake
a238a1570e7fe42,What fruit is in the frosting,cherry,strawberries
a238a1570e7fe42,Where is the frosting located,on top of,on the cupcake
d5e6b885904e072,What are the containers holding the frosting,bowls,there is no frosting.
0de51666d9bbd9c,What does the frosting evenly do to the cake,coats,covers it
0de51666d9bbd9c,What is the dessert in the image,cake,chocolate cake
0de51666d9bbd9c,What color is the frosting,brown,chocolate
0de51666d9bbd9c,Where is the cake placed,on the plate,on a plate
97145150b1c3a0a,What color is the plate,blue,white
97145150b1c3a0a,What type of dish are shown in the image,fries,pasta
97145150b1c3a0a,What color is the melted cheese,orange,melted
97145150b1c3a0a,Where is the melted cheese located,on top of,on top of fries
a88c7dd881219e4,What color are the French fries in the casserole,yellow,unanswerable
a88c7dd881219e4,What type of dish is the food in the image,casserole,macaroni and cheese
17b989adaf9150e,What color is the plate,white,white
17b989adaf9150e,What type of food is described as golden-brown,fries,fried pork
17b989adaf9150e,What color are some of the fillings,golden-brown,orange
17b989adaf9150e,What color are some of the other fillings,orange,orange
17b989adaf9150e,Where are the green spices sprinkled,on top of,on the top
a9c7fa28ed37744,What is the primary color of the fries,yellow,golden brown
a9c7fa28ed37744,What vegetable are the fries made from,potato,potatoes
a9c7fa28ed37744,What color is the skin on some of the fries,reddish-brown,red
a9c7fa28ed37744,Where are the fries placed,on a plate,not present
892b050aed75a1b,What is the primary color of the sweet potato fries,yellow,orange
892b050aed75a1b,What type of food is shown in the image,fries,french fries
892b050aed75a1b,What is the appearance of the edges of some fries,charred,burnt
892b050aed75a1b,Where are the fries arranged on the plate,in the center,randomly
892b050aed75a1b,What color is the napkin under the plate,blue,blue
07cf1edcce84e68,What is the base color of the fudge,white,white
07cf1edcce84e68,What type of food is shown in the image,fudge,white chocolate fudge
07cf1edcce84e68,What color are the cranberries in the fudge,red,red
07cf1edcce84e68,What type of nuts are in the fudge,walnuts,walnuts
bf0ab2726eb40b3,What color is the fudge,brown,light brown
bf0ab2726eb40b3,What type of dessert is shown,fudge,caramel fudge
bf0ab2726eb40b3,Where is the fudge located in the image,on the left,in a square
bf0ab2726eb40b3,What does the surface of the fudge have,sheen,shiny surface
34f562a43a24940,What color is the crust of the galette,golden-brown,golden brown
34f562a43a24940,What color are the cherry tomatoes,red,red
34f562a43a24940,Where are the basil leaves located on the galette,atop the galette,top left corner
34f562a43a24940,What color are the basil leaves,green,there are no basil leaves.
599a7d7530ff76b,What color is the surface of the Galette des Rois,golden-brown,brown
599a7d7530ff76b,What type of food is the Galette des Rois,pastry,a cake
599a7d7530ff76b,What color is the powdered sugar on the Galette des Rois,white,white
599a7d7530ff76b,How is the powdered sugar distributed on the Galette des Rois,sprinkled,on top
5b46052cbc1ded8,What fruit is red and placed towards the top and center,strawberry,strawberries
5b46052cbc1ded8,What color is the crust of the galette,golden-brown,light brown
5b46052cbc1ded8,What fruit is dark blue and nestled among the strawberry slices,blueberries,blueberries
5b46052cbc1ded8,Where are the strawberry slices placed,towards the top,on top of the pizza
fb707f2c874780c,What is the color of the outer layers of the garlic,tan,white
fb707f2c874780c,What is the main ingredient in the image,garlic,garlic
fb707f2c874780c,What is the color of the exposed cloves of garlic,yellow,yellow
fb707f2c874780c,What is the color of the foil surrounding the garlic,silver,silver
014f5ece7199f30,What color is the lemon-lime soda gelatin salad,green,green
014f5ece7199f30,What type of dish is the lemon-lime soda gelatin salad,dessert,jello salad
014f5ece7199f30,What is the texture of the lemon-lime soda gelatin salad like,gelatin,gelatinous
014f5ece7199f30,What is the overall impression of the lemon-lime soda gelatin salad,creamy,refreshing
3920c6be53a6f6c,What color is the chicken,golden-brown,white
3920c6be53a6f6c,What is the chicken served in,bowl,on rice
3920c6be53a6f6c,How is the chicken arranged,sliced,sliced
3920c6be53a6f6c,What color are the garnishes on the chicken,green,green
3920c6be53a6f6c,Where is the chicken placed in relation to the rice,on top of,on top of rice
a3729bd13d1a3ce,"What ingredient adds a warm, spicy flavor to the dish",ginger,pepper flakes
a3729bd13d1a3ce,What is the main protein in the dish,chicken,chicken
a3729bd13d1a3ce,What color is the plate,white,white
a3729bd13d1a3ce,Where is the stir-fry placed,on a plate,on a plate
a3729bd13d1a3ce,What color are the bell pepper slices primarily located on the left side of the plate,red,red
00e593048406ff1,What is the color of the ginger syrup,translucent,golden yellow
00e593048406ff1,What is the syrup contained in,jar,lemon
00e593048406ff1,What color is the ginger syrup,amber,yellow
00e593048406ff1,Where is the jar positioned in the image,in the center,on a wooden board
fea12437470c358,What color is the crust of the treats,yellow,golden brown
fea12437470c358,What type of treats are shown in the image,gingerbread,"Not applicable, it's not treats"
fea12437470c358,What is on top of the gingerbread treats,chocolate,powdered sugar
fea12437470c358,What color is the plate,beige,beige
e54f96ac6dd17b3,What color is the gingerbread house,brown,brown
e54f96ac6dd17b3,Is the gingerbread house shaped like a house,yes,yes
e54f96ac6dd17b3,What color is the icing on the roof,white,white
e54f96ac6dd17b3,What shape is formed by the light blue and pink candies,flower,flower
a39e3415ded2a21,What color are the dots on the tan gingerbread figure in the left center,green,red
a39e3415ded2a21,Where is the dark brown gingerbread man with green icing located,on top,behind the pink man
59f3fdd700719ff,What type of cookies are on the plate,gingerbread cookies,ginger snaps
59f3fdd700719ff,What color are the gingerbread cookies,brown,brown
59f3fdd700719ff,Where is the glass situated,on a plate,on a plate
40731821312df84,What is the color of the vanilla glaze,beige,white
40731821312df84,What type of baked goods are shown in the image,cookies,cookies
40731821312df84,How are the cookies arranged,stacked,stacked
40731821312df84,Where is the glaze spread on the cookies,on top of,on top of cookies
e2f346240095e65,What color is the bowl the soup is served in,white,white
e2f346240095e65,What color is the soup base,yellow,white
e2f346240095e65,What meat is scattered throughout the soup,bacon,bacon
e2f346240095e65,Where are the chopped green onions placed,on top,not shown
bb9b1c1288afbc7,What type of pasta is pale yellow and scattered on the plate,gnocchi,fries
bb9b1c1288afbc7,What seafood is distributed around the center and left side of the plate,shrimp,shrimp
bb9b1c1288afbc7,What color are the asparagus spears,green,green
f72def05a510d0d,What color is the chicken sausage,brownish-red,there is no chicken
f72def05a510d0d,What type of dumplings are in the dish,gnocchi,potato dumplings
f72def05a510d0d,What color are the broccoli florets,green,green
f72def05a510d0d,Where are the food items located,on a plate,on a plate
0596db289a95c00,What color is the rotini pasta,yellow,white
0596db289a95c00,What type of food is the rotini,pasta,pasta
0596db289a95c00,What color is the tomato-based sauce,red,red
0596db289a95c00,Where is the sprig of parsley placed,on top of,on top of pasta
0596db289a95c00,What color is the sprig of parsley,green,green
24e93d74ec63682,What color is the macaroni in the Goulash Supreme,orange-brown,white
24e93d74ec63682,What type of pasta is used in the Goulash Supreme,macaroni,macaroni
24e93d74ec63682,How are the macaroni pieces arranged in the bowl,scattered,randomly
24e93d74ec63682,What color are the diced tomatoes in the Goulash Supreme,red,red
24e93d74ec63682,Where is the green sprig of parsley located,at the top,top right corner
4fe57bd9df72e3f,How is the ground beef arranged in the bowl,scattered,crumbled
4fe57bd9df72e3f,What type of meat is used in the dish,beef,ground beef
4fe57bd9df72e3f,What color are the potatoes,yellow,golden
4fe57bd9df72e3f,What color are the carrots,orange,orange
ba01bc8f6481ce0,What color are the specks of lemon zest in the granita,yellow,yellow
ba01bc8f6481ce0,What fruit is used to flavor the granita,lemon,lemon
ba01bc8f6481ce0,What material is the granita served in,glass,crushed ice
e26db2540b79be7,What fruit is used to make the granita,watermelon,watermelon
e26db2540b79be7,What is placed on top of the granita,mint,a sprig of mint
56f2be6ebb5a498,What color is the granola,brown,brown
56f2be6ebb5a498,What type of food is shown in the image,granola,cereal
56f2be6ebb5a498,What color are the cranberries in the granola,red,red
1de8bda867af12d,What is the primary color of the granola,brown,golden brown
1de8bda867af12d,What type of food is being described,granola,a bowl of food
1de8bda867af12d,What color are the cranberries in the granola,red,red
1de8bda867af12d,How are the coconut flakes distributed in the granola,scattered,scattered throughout
1de8bda867af12d,Where are the almonds located in the granola,in the mixture,on the top
c8325a55672f711,What is the color of the creamy sauce,yellow,white
c8325a55672f711,What is the main ingredient in the dish,potatoes,potatoes
c8325a55672f711,What color are the potato slices,yellow,light yellow
c8325a55672f711,Where are the potatoes placed,in a baking dish,on top of the dish
6469a613547241c,What color is the dish,yellow,blue
6469a613547241c,What type of container holds the scallops,dish,a bowl
6469a613547241c,What color are the scallops,white,white
6469a613547241c,What is the color of the sauce surrounding the scallops,yellow,white sauce
6469a613547241c,Where is the dish positioned in the frame,in the lower center,on the table
8659c8bf322c959,What is the size of the ham pieces,diced,small cubes
8659c8bf322c959,What type of seafood is in the bowl,shrimp,shrimp
f8f3ab847fbd98e,What color are the carrot pieces,orange,orange
f8f3ab847fbd98e,What is the main liquid in the pot,broth,broth
f8f3ab847fbd98e,Where are the carrots and celery positioned,on the left,in the broth
37efc4acb95a4cc,What is the food served in,bowl,spinach
37efc4acb95a4cc,What color is the lemon wedge,lemon,yellow
37efc4acb95a4cc,What color is the lemon wedge,yellow,yellow
37efc4acb95a4cc,Where is the lemon wedge placed in the bowl,on the left side,on the side
768d83ac0f75f2c,How are the chicken pieces arranged in the dish,scattered,scattered
768d83ac0f75f2c,What color is the sauce in the gumbo,brown,brown
768d83ac0f75f2c,What type of meat is included in the gumbo besides sausage,chicken,pork
768d83ac0f75f2c,What type of meat is included in the gumbo besides chicken,sausage,sausage
57fcd575d52b6f1,What color is the pita bread,beige,white
57fcd575d52b6f1,What type of food is shown in the image,gyros,a plate of food
57fcd575d52b6f1,What color is the gyro meat,brown,golden brown
57fcd575d52b6f1,Where are the gyros mostly arranged in the image,on the left side,on the plate
57fcd575d52b6f1,What color are the lettuce leaves,green,there are no lettuce leaves.
501fae196787866,What is the texture of the panko crust,crispy,crunchy
501fae196787866,What type of fish is shown in the image,halibut,There is no fish.
501fae196787866,What color is the halibut,white,white
501fae196787866,What color are the beans,green,green
501fae196787866,Where is the crispy panko crust located,on top,on the fish
ef1a71508ed5873,What color is the crust of the halibut,beige,golden
ef1a71508ed5873,What type of fish is being served,Halibut,halibut
ef1a71508ed5873,What color is the broccoli,green,green
ef1a71508ed5873,What is the broccoli located on,on the right,the plate
8a148819c0cb4f0,What color are the halloumi pieces after frying,golden-brown,golden brown
8a148819c0cb4f0,What type of cheese is being fried,halloumi,not cheese
8a148819c0cb4f0,What color is the plate,gray,white
8a148819c0cb4f0,Where is the lemon slice positioned on the plate,on the left,on the left
8a148819c0cb4f0,What color is the lemon slice,yellow,yellow
d0a17cef7c0faf3,What fruit is visible on the surface of the ham,apricot,none
d0a17cef7c0faf3,What color is the exterior of the ham,reddish-brown,brown
d0a17cef7c0faf3,What is next to the ham in the upper right quadrant of the plate,bowl,a small bowl
d0a17cef7c0faf3,Where is the bowl of brown sugar sauce located,in the upper right,on the plate
5d818c429496351,What color is the ham,pink,pink
5d818c429496351,What type of meat is shown in the image,ham,pork
cc1e04c85b3b6fb,What color is the ham inside the sandwich,pink,pink
cc1e04c85b3b6fb,What is the main food item in the image,sandwich,pork sandwich
cc1e04c85b3b6fb,What color are the pickle slices,green,green
cc1e04c85b3b6fb,Where are the food items placed,on a plate,on a plate
cc1e04c85b3b6fb,What color are the edges of the pickle slices,green,green
1c1452434772ef5,What is the primary color of the ham slices,pink,pink
1c1452434772ef5,What type of meat is shown in the image,ham,fried ham
1c1452434772ef5,What is the appearance of the edges of some ham slices,caramelized,blackened
1c1452434772ef5,Where are the ham slices layered,layered on,on top of salad
1c1452434772ef5,What is the ham layered on top of,lettuce,lettuce
b397bd5d4937bfb,What is the main vegetable in the hash,potato,sweet potatoes
b397bd5d4937bfb,What color are the cubed sweet potatoes,orange,orange
b397bd5d4937bfb,Where are the sprigs of dill located,throughout,on top of the food
b397bd5d4937bfb,What color is the yolk of the fried egg,yellow,yellow
8ba0dca8f0c3725,What color is the Texas Hash,brownish,brown
8ba0dca8f0c3725,What is the food served on,plate,a plate
8ba0dca8f0c3725,What color is the melted cheese,yellow,yellow
8ba0dca8f0c3725,Where are the scallions placed,sprinkled on top,on top of the food
8ba0dca8f0c3725,What color is the plate,white,white
7e60dd9c05f81e5,What color are the sweet potato cubes,orange,orange
7e60dd9c05f81e5,What type of vegetable is used in the hash,potato,potatoes
7e60dd9c05f81e5,How is the egg prepared,fried,fried
7e60dd9c05f81e5,Where is the fried egg placed,on top of,on top of the dish
7e60dd9c05f81e5,What is the red-colored item in front of the potatoes,bacon,ham
bae167eccbe36fa,What food item is shown in the image,hash browns,fried cheese cakes
bae167eccbe36fa,What color is the top of the top left hash brown,golden-brown,not visible
bae167eccbe36fa,Are the hash browns touching each other,yes,there are no hash browns.
bae167eccbe36fa,Where are the hash browns placed,on a plate,Not visible
9b5b05482f16491,What color are the hash browns,golden-brown,golden brown
9b5b05482f16491,What are the hash browns served on,plate,a plate
9b5b05482f16491,What color is the rim of the plate,orange,orange
9b5b05482f16491,What is sprinkled on the white creamy sauce,chives,green chives
71f29ccc1bb79d2,What color are the chicken hearts and mushrooms,brown,brown
71f29ccc1bb79d2,What type of meat is visible in the image,chicken,pork
71f29ccc1bb79d2,What color are the round objects in the upper right corner,yellow,golden yellow
71f29ccc1bb79d2,"Where are the pale yellow, round objects located in the image",in the upper right,in the background
6af6a4433e4a0c7,What color is the top of the Cornish Game Hen,golden-brown,golden brown
6af6a4433e4a0c7,What type of bird is shown in the image,hen,Cornish hen
6af6a4433e4a0c7,What color are the darker grains in the rice stuffing,brown,brown
6af6a4433e4a0c7,Where is the Cornish Game Hen positioned in the image,at the top left,center of the plate
4e8597ee35c2dfd,What type of food is in the bowl,salad,a salad
4e8597ee35c2dfd,What colors are present in the salad dressing,green-white,"white, green, brown"
4e8597ee35c2dfd,Where is the dressing drizzled,over the salad leaves,on the salad
4e8597ee35c2dfd,What vegetable pieces are in the salad,tomatoes,tomatoes
00bf2bb6e5a159a,What type of beans are clustered on top of the hummus,edamame,edamame
00bf2bb6e5a159a,What is the base of the dish made of,hummus,pasta
00bf2bb6e5a159a,What color are the small seeds scattered on the hummus,black,black
00bf2bb6e5a159a,Where are the edamame beans located,on top of,in the middle
b3642208c36c1c0,What is the color of the hummus,yellow,light brown
b3642208c36c1c0,What is the dip in the bowl,hummus,hummus
b3642208c36c1c0,Where are the crackers placed in relation to the hummus,submerged,on the side
b3642208c36c1c0,What is served alongside the hummus,crackers,crackers
b3642208c36c1c0,Where are the crackers positioned in the bowl,on the right,on the side
1d926823e55a19f,What is the hummus served in,bowl,a bowl
1d926823e55a19f,What color is the hummus,brownish-green,yellow
1d926823e55a19f,Where is the bowl situated in the image,towards the top left,on a plate
3c4a5088c3151a4,What color is the hummus,beige,off-white
3c4a5088c3151a4,What is the name of the food in the bowl,hummus,hummus
3c4a5088c3151a4,What color is the oil in the center of the hummus,yellow,yellow
3c4a5088c3151a4,What is arranged around the rim of the bowl,tomatoes,sliced tomatoes
3c4a5088c3151a4,What is dusted on the hummus,spices,cayenne pepper
8ee85aedb5b644e,What color is the hummus,yellow-beige,yellow
8ee85aedb5b644e,What is the hummus served in,bowl,a bowl
8ee85aedb5b644e,What color are the carrots,orange,orange
8ee85aedb5b644e,What is the hummus served with,carrots,carrots
8ee85aedb5b644e,Where are the carrots placed,on the plate,on top of the dish
3d48f6b7482aba6,What color is the jam in the jars,reddish-brown,red
3d48f6b7482aba6,What containers are used to hold the jam,jars,glass jars
3d48f6b7482aba6,Where are the jars positioned in the frame,in the center,to the right
bbf959f60d3b884,What color is the nectarine jam,orange,orange
bbf959f60d3b884,What are the jars made of,jars,glass
bbf959f60d3b884,What material are the lids made of,glass,not shown
bbf959f60d3b884,Where are the jars primarily located,in the center,on the counter
bbf959f60d3b884,What color is the background,pinkish-white,pink
f065b6f63d2d4a8,Where is the apricot jam located in the image,in the center,not present
f065b6f63d2d4a8,Which part of the image contains the jam,bottom half,not in the image
f065b6f63d2d4a8,What color is the apricot jam,orange,orange
f065b6f63d2d4a8,How would you describe the color of the jam,vibrant,orange
38ebbd7b792ff0d,What are the jars made of,glass,glass
38ebbd7b792ff0d,What fruit is used to make the jam,papaya,orange
38ebbd7b792ff0d,How would you describe the papaya used in the jam,fresh,orange
38ebbd7b792ff0d,Where are the jars placed,on a white cloth,on a counter
252b508f8033600,What color is the coffee jelly,dark brown,dark brown
252b508f8033600,What shape are the coffee jelly pieces,cubes,square
252b508f8033600,What color is the liquid surrounding the coffee jelly,beige,white
252b508f8033600,How are the coffee jelly cubes distributed in the mugs,scattered,randomly
465a36d85d1bf6d,What color is the jerky,black,dark brown
465a36d85d1bf6d,What color is the jerky described as,dark,dark brown
465a36d85d1bf6d,How is the jerky arranged in the dish,stacked,in a pile
465a36d85d1bf6d,What is the jerky placed in,dish,a white dish
465a36d85d1bf6d,Where is the jerky pile located in the frame,in the center,in a white dish
02649a5833f44cd,What is the primary color of the beef jerky,brown,brown
02649a5833f44cd,What type of food is shown in the image,beef jerky,a plate of food
02649a5833f44cd,How are the beef jerky pieces arranged in the image,scattered,not visible
02649a5833f44cd,What color variation is seen in some of the beef jerky pieces,reddish-brown,light brown
02649a5833f44cd,Where are the darkest pieces of beef jerky located,around the edges,on the bottom
f4559d130566a05,What color are the beef jerky pieces,brown,dark brown
f4559d130566a05,What type of food is shown in the image,beef jerky,beef jerky
f4559d130566a05,How are the beef jerky pieces arranged,overlapping,in a pile
580723682f5811f,What color is the beef jerky,dark brown,dark brown
580723682f5811f,Where is the beef jerky located,located inside,on the top
580723682f5811f,What is the beef jerky stored in,jar,a jar
580723682f5811f,What is the jar doing on the table,sitting,holding food
580723682f5811f,What is the table made of,wooden,wood
fa7d133f1e16b4d,What color is the filling of the pie,yellow-tan,white
fa7d133f1e16b4d,Where is the pie slice placed,plate,on a plate
fa7d133f1e16b4d,What color is the plate,white,white with blue accents
fa7d133f1e16b4d,How does the surface of the pie filling appear,glazed,melted cheese
331b51dc156ef8d,What is the name of the sandwich in the image,Sloppy Joe,a sloppy joe
331b51dc156ef8d,What color is the meat filling in the Sloppy Joe,reddish-brown,brown
331b51dc156ef8d,What color are the corn tortilla chips,yellow,yellow
331b51dc156ef8d,Where is the bottom bun located,on the bottom,underneath the top bun
a82943b9e36974d,What color is the top of the bun,golden-brown,light brown
a82943b9e36974d,What type of meat is in the filling,chicken,shredded chicken
a82943b9e36974d,What color is the chicken filling,orange,orange
a82943b9e36974d,Where are the jalapeño slices placed,on top,on top of sandwich
a82943b9e36974d,What is clustered to the right of the Sloppy Joes,chips,potato chips
eb3061e9a1207ac,What color is the top bun,golden-brown,light brown
eb3061e9a1207ac,What is covering the Sloppy Joe filling,bun,bun
eb3061e9a1207ac,What color is the plate,gray,off-white
eb3061e9a1207ac,Where is the filling spilling onto,on a plate,the plate
df79f56de740b5c,What color is the bun,tan,white
df79f56de740b5c,Is the food served on a bun,bun,"yes, on a bun"
df79f56de740b5c,What color are the kidney beans,red,purple
df79f56de740b5c,Where are the sesame seeds located,on top,on the bun
df79f56de740b5c,Are there diced carrots in the filling,diced,"yes, diced carrots"
1b262ba9f1f16d2,What color is the sesame seed juice,beige,not present
1b262ba9f1f16d2,What type of drink is shown in the image,juice,mocha coffee
1b262ba9f1f16d2,Where is the sesame seed juice present,on the table,there is no juice
1b262ba9f1f16d2,What is the sesame seed juice served in,glass,milk
1b262ba9f1f16d2,Where is the sesame seed juice located,in a glass,There is no sesame seed juice.
199c11f14158f8f,How would you describe the color of the ginger juice at the bottom,vibrant,orange juice
199c11f14158f8f,What is the ginger juice served in,glass,orange juice
199c11f14158f8f,What color is the lemon twist,yellow,yellow
27446535c25c7fc,What fruit is used to make the stars,watermelon,watermelon
27446535c25c7fc,What color are the watermelon stars,pink,pink
27446535c25c7fc,What fruit is strung together on the skewers,blueberries,blueberries
27446535c25c7fc,What color is the surface the kabobs are placed on,green surface,green surface
27446535c25c7fc,What holiday do these kabobs represent,4th of July,not applicable
8046eb3f2ad1d80,What color is the soup broth,golden-brown,brown
8046eb3f2ad1d80,How is the kale distributed in the soup,dispersed,chopped
8046eb3f2ad1d80,What type of vegetable is deep green and present in the soup,kale,kale
8046eb3f2ad1d80,What is the soup served in,bowl,carbonara
72d522544722a3f,What color are most of the kale chips,green,green
72d522544722a3f,What type of food is shown in the image,chips,a bowl of kale
72d522544722a3f,What is holding the kale chips,bowl,a bowl
72d522544722a3f,Where is the bowl placed,on a wooden surface,on a table
72d522544722a3f,What color are the edges of some of the kale chips,brownish,orange
c92064eed9436af,What color is the kale in the dish,dark green,green
c92064eed9436af,What type of vegetable is dark green and cooked in the dish,kale,kale
c92064eed9436af,What color are the peppers in the dish,red,red
c92064eed9436af,Where is the wooden spoon located in the pan,on top of,in the pan
7a5730a599a537b,What is the overall appearance of the kebabs,colorful,brown and toasted
7a5730a599a537b,What type of dish is shown in the image,kebabs,Italian food
7a5730a599a537b,What color are the beef pieces,red,brown
7a5730a599a537b,Where are the kebabs placed,on a plate,on a plate
7a5730a599a537b,What fruit is included in the kebabs,pineapple,pineapple
7c708793b814120,What color is the plate,white,white
7c708793b814120,What vegetable is shown in the image,kohlrabi,Brussels sprouts
7c708793b814120,How are the kohlrabi pieces placed on the plate,arranged,on top of each other
7c708793b814120,What color are the roasted edges of the kohlrabi,brown,burnt
7c708793b814120,Where are the kohlrabi pieces arranged,on a plate,on a plate
dfaa2fddbcc3ce6,What color is the serving dish,yellow,gray
dfaa2fddbcc3ce6,What type of food is the kugel made of,noodles,noodles
dfaa2fddbcc3ce6,What color are the noodles in the kugel,yellow,egg noodles
dfaa2fddbcc3ce6,Where are the flecks of green parsley scattered,on the top,on the pasta
0d03349d96e42ba,What is the dominant color of the Kugel,golden-yellow,golden brown
0d03349d96e42ba,What process is the Kugel undergoing in the dish,baking,baking
0d03349d96e42ba,What is sprinkled on the surface of the Kugel,sprinkling,cheese
0d03349d96e42ba,What is the main ingredient visible throughout the Kugel,noodles,egg noodles
0d03349d96e42ba,What color are the darker elements interspersed throughout the Kugel,brown,brown
e2f49a9c9cea5ea,What color is the lamb,brown,brown
e2f49a9c9cea5ea,What type of meat is centrally located in the image,lamb,pork
e2f49a9c9cea5ea,Where is the lamb nestled,in the center,not visible
ef59e3403eff7c8,What is the color of the broth in the stew,reddish-brown,red
ef59e3403eff7c8,What type of dish is the lamb being cooked in,stew,there is no lamb.
ef59e3403eff7c8,What does the broth do to the spaces between the solid ingredients,fills,moisten
ef59e3403eff7c8,What is the color of the bowl containing the stew,white,white
ef59e3403eff7c8,Where are the lamb pieces located in the stew,throughout the stew,in the stew
cba8c4178e2f10e,What color is the plate the lamb shanks are served on,white,white
cba8c4178e2f10e,What type of meat is featured in the dish,lamb,shrimp
cba8c4178e2f10e,What color is the lamb shank,brown,brown
cba8c4178e2f10e,Where are the diced carrots located,scattered around,on the plate
d1f69026ce3c901,What type of meat is shown in the image,lamb,pork
d1f69026ce3c901,What does the color of the lamb shank exhibit,gradient,a golden brown
d1f69026ce3c901,What color is the sauce surrounding the lamb shanks,brown,yellowish brown
d1f69026ce3c901,What are the translucent pieces in the sauce,onions,onions
d1f69026ce3c901,How are the onions described in the image,cooked,sliced
cbd2b9ac8a823d3,What color is the bowl holding the lasagna,orange,not present
cbd2b9ac8a823d3,What type of dish is being served in the bowl,lasagna,fudge brownies
cbd2b9ac8a823d3,What is the texture of the sauce on the lasagna,creamy,cheesy sauce
cbd2b9ac8a823d3,What color is the sauce covering the pasta,white,white sauce
cbd2b9ac8a823d3,Where are the specks of black pepper located,on the surface,on the right
f5fb0df40b092f8,What color is the top layer of the lasagna,golden-brown,golden brown
f5fb0df40b092f8,What type of dish is shown in the image,lasagna,lasagna
f5fb0df40b092f8,What color is the stovetop,black,black
f5fb0df40b092f8,Where is the lasagna placed,on a black stovetop,on a baking tray
f5fb0df40b092f8,What color are the visible interior layers of the lasagna,green,white
e3a012097af2a98,What color is the lettuce,green,green
e3a012097af2a98,What type of dish is being described,lasagna,a salad
e3a012097af2a98,What color are the diced tomatoes,red,red
e3a012097af2a98,What color is the melted cheddar cheese,yellow,yellow
e3a012097af2a98,Where is the lasagna resting,on top of,not on the plate
114e30b0121f8ac,What fruit is used to make the lassi,banana,not visible
114e30b0121f8ac,What color is the straw,yellow,yellow
114e30b0121f8ac,Where is the straw placed in the glass,on the left,inside the glass
114e30b0121f8ac,What color is the mint garnish,green,green
2836bea848092dc,What is the color of the glass,clear,clear
2836bea848092dc,What color is the spiced mango lassi,yellow,orange
2836bea848092dc,Where is the straw inserted,into the lassi,there is no straw
2836bea848092dc,What color are the leaves in the backdrop,green,green
44bbcb71225e21a,What is the color of the glass mugs,transparent,not visible
44bbcb71225e21a,What color is the tray,white,white
44bbcb71225e21a,What is the primary color of the Eggnog Lattes,tan,brown
44bbcb71225e21a,Where are the mugs situated,on a plate,on a plate
9eef702c19b23dd,What color is the foam on the latte,white,white
9eef702c19b23dd,What color is the latte,tan,brown
9eef702c19b23dd,Where is the shaved white chocolate placed,on top of,on top of the drink
9eef702c19b23dd,What fruit is placed to the left of the plate,strawberry,strawberry
c5cc39a0e3818c9,What color is the cup,white,white with red design
c5cc39a0e3818c9,What type of drink is in the cup,latte,mocha
c5cc39a0e3818c9,What does the latte have on top of the foam,shaved chocolate,cinnamon
c5cc39a0e3818c9,What color is the bottom layer of the latte,brown,light brown
c5cc39a0e3818c9,Where is the dusting of brown spice located,on top of,on top of the mocha
266ba9144fa1bca,What color is the pie filling,yellow,white
266ba9144fa1bca,Where does the pie filling sit,in the center,on top of the crust
266ba9144fa1bca,What is the dessert described in the image,pie,lemon pie
266ba9144fa1bca,What shape is the pie slice,triangular,triangle
266ba9144fa1bca,Where is the whipped cream located,on the top,on top of pie
aacd533122666f9,What fruit is the cream made from,lemon,eggs
aacd533122666f9,What color is the lemon cream,yellow,yellow
aacd533122666f9,What utensil is partially submerged in the cream,spoon,a spoon
db621f115a77b33,What color is the lemon curd in the jar closer to the viewer,yellow,yellow
db621f115a77b33,What containers are used to hold the lemon curd,jars,glass jars
db621f115a77b33,What is the name of the food in the jars,lemon curd,melted butter
db621f115a77b33,Where is the spoon placed,on the tray,in the jar
87435fc8c3e3be1,What color are the cookies,tan,not visible
87435fc8c3e3be1,What type of food is shown in the image,cookies,pasta and cookies
